x_labels,y_labels
x_1_tokens_bpe.json,y_1_tokens_bpe.json
x_2_tokens_bpe.json,y_2_tokens_bpe.json
x_3_tokens_bpe.json,y_3_tokens_bpe.json
x_4_tokens_bpe.json,y_4_tokens_bpe.json
x_5_tokens_bpe.json,y_5_tokens_bpe.json
x_6_tokens_bpe.json,y_6_tokens_bpe.json
x_7_tokens_bpe.json,y_7_tokens_bpe.json
x_8_tokens_bpe.json,y_8_tokens_bpe.json
x_9_tokens_bpe.json,y_9_tokens_bpe.json
x_10_tokens_bpe.json,y_10_tokens_bpe.json
x_11_tokens_bpe.json,y_11_tokens_bpe.json
x_12_tokens_bpe.json,y_12_tokens_bpe.json
x_13_tokens_bpe.json,y_13_tokens_bpe.json
x_14_tokens_bpe.json,y_14_tokens_bpe.json
x_15_tokens_bpe.json,y_15_tokens_bpe.json
x_16_tokens_bpe.json,y_16_tokens_bpe.json
x_17_tokens_bpe.json,y_17_tokens_bpe.json
x_18_tokens_bpe.json,y_18_tokens_bpe.json
x_19_tokens_bpe.json,y_19_tokens_bpe.json
x_20_tokens_bpe.json,y_20_tokens_bpe.json
x_21_tokens_bpe.json,y_21_tokens_bpe.json
x_22_tokens_bpe.json,y_22_tokens_bpe.json
x_23_tokens_bpe.json,y_23_tokens_bpe.json
x_24_tokens_bpe.json,y_24_tokens_bpe.json
x_25_tokens_bpe.json,y_25_tokens_bpe.json
x_26_tokens_bpe.json,y_26_tokens_bpe.json
x_27_tokens_bpe.json,y_27_tokens_bpe.json
x_28_tokens_bpe.json,y_28_tokens_bpe.json
x_29_tokens_bpe.json,y_29_tokens_bpe.json
x_30_tokens_bpe.json,y_30_tokens_bpe.json
x_31_tokens_bpe.json,y_31_tokens_bpe.json
x_32_tokens_bpe.json,y_32_tokens_bpe.json
x_33_tokens_bpe.json,y_33_tokens_bpe.json
x_34_tokens_bpe.json,y_34_tokens_bpe.json
x_35_tokens_bpe.json,y_35_tokens_bpe.json
x_36_tokens_bpe.json,y_36_tokens_bpe.json
x_37_tokens_bpe.json,y_37_tokens_bpe.json
x_38_tokens_bpe.json,y_38_tokens_bpe.json
x_39_tokens_bpe.json,y_39_tokens_bpe.json
x_40_tokens_bpe.json,y_40_tokens_bpe.json
x_41_tokens_bpe.json,y_41_tokens_bpe.json
x_42_tokens_bpe.json,y_42_tokens_bpe.json
x_43_tokens_bpe.json,y_43_tokens_bpe.json
x_44_tokens_bpe.json,y_44_tokens_bpe.json
x_45_tokens_bpe.json,y_45_tokens_bpe.json
x_46_tokens_bpe.json,y_46_tokens_bpe.json
x_47_tokens_bpe.json,y_47_tokens_bpe.json
x_48_tokens_bpe.json,y_48_tokens_bpe.json
x_49_tokens_bpe.json,y_49_tokens_bpe.json
x_50_tokens_bpe.json,y_50_tokens_bpe.json
x_51_tokens_bpe.json,y_51_tokens_bpe.json
x_52_tokens_bpe.json,y_52_tokens_bpe.json
x_53_tokens_bpe.json,y_53_tokens_bpe.json
x_54_tokens_bpe.json,y_54_tokens_bpe.json
x_55_tokens_bpe.json,y_55_tokens_bpe.json
x_56_tokens_bpe.json,y_56_tokens_bpe.json
x_57_tokens_bpe.json,y_57_tokens_bpe.json
x_58_tokens_bpe.json,y_58_tokens_bpe.json
x_59_tokens_bpe.json,y_59_tokens_bpe.json
x_60_tokens_bpe.json,y_60_tokens_bpe.json
x_61_tokens_bpe.json,y_61_tokens_bpe.json
x_62_tokens_bpe.json,y_62_tokens_bpe.json
x_63_tokens_bpe.json,y_63_tokens_bpe.json
x_64_tokens_bpe.json,y_64_tokens_bpe.json
x_65_tokens_bpe.json,y_65_tokens_bpe.json
x_66_tokens_bpe.json,y_66_tokens_bpe.json
x_67_tokens_bpe.json,y_67_tokens_bpe.json
x_68_tokens_bpe.json,y_68_tokens_bpe.json
x_69_tokens_bpe.json,y_69_tokens_bpe.json
x_70_tokens_bpe.json,y_70_tokens_bpe.json
x_71_tokens_bpe.json,y_71_tokens_bpe.json
x_72_tokens_bpe.json,y_72_tokens_bpe.json
x_73_tokens_bpe.json,y_73_tokens_bpe.json
x_74_tokens_bpe.json,y_74_tokens_bpe.json
x_75_tokens_bpe.json,y_75_tokens_bpe.json
x_76_tokens_bpe.json,y_76_tokens_bpe.json
x_77_tokens_bpe.json,y_77_tokens_bpe.json
x_78_tokens_bpe.json,y_78_tokens_bpe.json
x_79_tokens_bpe.json,y_79_tokens_bpe.json
x_80_tokens_bpe.json,y_80_tokens_bpe.json
x_81_tokens_bpe.json,y_81_tokens_bpe.json
x_82_tokens_bpe.json,y_82_tokens_bpe.json
x_83_tokens_bpe.json,y_83_tokens_bpe.json
x_84_tokens_bpe.json,y_84_tokens_bpe.json
x_85_tokens_bpe.json,y_85_tokens_bpe.json
x_86_tokens_bpe.json,y_86_tokens_bpe.json
x_87_tokens_bpe.json,y_87_tokens_bpe.json
x_88_tokens_bpe.json,y_88_tokens_bpe.json
x_89_tokens_bpe.json,y_89_tokens_bpe.json
x_90_tokens_bpe.json,y_90_tokens_bpe.json
x_91_tokens_bpe.json,y_91_tokens_bpe.json
x_92_tokens_bpe.json,y_92_tokens_bpe.json
x_93_tokens_bpe.json,y_93_tokens_bpe.json
x_94_tokens_bpe.json,y_94_tokens_bpe.json
x_95_tokens_bpe.json,y_95_tokens_bpe.json
x_96_tokens_bpe.json,y_96_tokens_bpe.json
x_97_tokens_bpe.json,y_97_tokens_bpe.json
x_98_tokens_bpe.json,y_98_tokens_bpe.json
x_99_tokens_bpe.json,y_99_tokens_bpe.json
x_100_tokens_bpe.json,y_100_tokens_bpe.json
x_101_tokens_bpe.json,y_101_tokens_bpe.json
x_102_tokens_bpe.json,y_102_tokens_bpe.json
x_103_tokens_bpe.json,y_103_tokens_bpe.json
x_104_tokens_bpe.json,y_104_tokens_bpe.json
x_105_tokens_bpe.json,y_105_tokens_bpe.json
x_106_tokens_bpe.json,y_106_tokens_bpe.json
x_107_tokens_bpe.json,y_107_tokens_bpe.json
x_108_tokens_bpe.json,y_108_tokens_bpe.json
x_109_tokens_bpe.json,y_109_tokens_bpe.json
x_110_tokens_bpe.json,y_110_tokens_bpe.json
x_111_tokens_bpe.json,y_111_tokens_bpe.json
x_112_tokens_bpe.json,y_112_tokens_bpe.json
x_113_tokens_bpe.json,y_113_tokens_bpe.json
x_114_tokens_bpe.json,y_114_tokens_bpe.json
x_115_tokens_bpe.json,y_115_tokens_bpe.json
x_116_tokens_bpe.json,y_116_tokens_bpe.json
x_117_tokens_bpe.json,y_117_tokens_bpe.json
x_118_tokens_bpe.json,y_118_tokens_bpe.json
x_119_tokens_bpe.json,y_119_tokens_bpe.json
x_120_tokens_bpe.json,y_120_tokens_bpe.json
x_121_tokens_bpe.json,y_121_tokens_bpe.json
x_122_tokens_bpe.json,y_122_tokens_bpe.json
x_123_tokens_bpe.json,y_123_tokens_bpe.json
x_124_tokens_bpe.json,y_124_tokens_bpe.json
x_125_tokens_bpe.json,y_125_tokens_bpe.json
x_126_tokens_bpe.json,y_126_tokens_bpe.json
x_127_tokens_bpe.json,y_127_tokens_bpe.json
x_128_tokens_bpe.json,y_128_tokens_bpe.json
x_129_tokens_bpe.json,y_129_tokens_bpe.json
x_130_tokens_bpe.json,y_130_tokens_bpe.json
x_131_tokens_bpe.json,y_131_tokens_bpe.json
x_132_tokens_bpe.json,y_132_tokens_bpe.json
x_133_tokens_bpe.json,y_133_tokens_bpe.json
x_134_tokens_bpe.json,y_134_tokens_bpe.json
x_135_tokens_bpe.json,y_135_tokens_bpe.json
x_136_tokens_bpe.json,y_136_tokens_bpe.json
x_137_tokens_bpe.json,y_137_tokens_bpe.json
x_138_tokens_bpe.json,y_138_tokens_bpe.json
x_139_tokens_bpe.json,y_139_tokens_bpe.json
x_140_tokens_bpe.json,y_140_tokens_bpe.json
x_141_tokens_bpe.json,y_141_tokens_bpe.json
x_142_tokens_bpe.json,y_142_tokens_bpe.json
x_143_tokens_bpe.json,y_143_tokens_bpe.json
x_144_tokens_bpe.json,y_144_tokens_bpe.json
x_145_tokens_bpe.json,y_145_tokens_bpe.json
x_146_tokens_bpe.json,y_146_tokens_bpe.json
x_147_tokens_bpe.json,y_147_tokens_bpe.json
x_148_tokens_bpe.json,y_148_tokens_bpe.json
x_149_tokens_bpe.json,y_149_tokens_bpe.json
x_150_tokens_bpe.json,y_150_tokens_bpe.json
x_151_tokens_bpe.json,y_151_tokens_bpe.json
x_152_tokens_bpe.json,y_152_tokens_bpe.json
x_153_tokens_bpe.json,y_153_tokens_bpe.json
x_154_tokens_bpe.json,y_154_tokens_bpe.json
x_155_tokens_bpe.json,y_155_tokens_bpe.json
x_156_tokens_bpe.json,y_156_tokens_bpe.json
x_157_tokens_bpe.json,y_157_tokens_bpe.json
x_158_tokens_bpe.json,y_158_tokens_bpe.json
x_159_tokens_bpe.json,y_159_tokens_bpe.json
x_160_tokens_bpe.json,y_160_tokens_bpe.json
x_161_tokens_bpe.json,y_161_tokens_bpe.json
x_162_tokens_bpe.json,y_162_tokens_bpe.json
x_163_tokens_bpe.json,y_163_tokens_bpe.json
x_164_tokens_bpe.json,y_164_tokens_bpe.json
x_165_tokens_bpe.json,y_165_tokens_bpe.json
x_166_tokens_bpe.json,y_166_tokens_bpe.json
x_167_tokens_bpe.json,y_167_tokens_bpe.json
x_168_tokens_bpe.json,y_168_tokens_bpe.json
x_169_tokens_bpe.json,y_169_tokens_bpe.json
x_170_tokens_bpe.json,y_170_tokens_bpe.json
x_171_tokens_bpe.json,y_171_tokens_bpe.json
x_172_tokens_bpe.json,y_172_tokens_bpe.json
x_173_tokens_bpe.json,y_173_tokens_bpe.json
x_174_tokens_bpe.json,y_174_tokens_bpe.json
x_175_tokens_bpe.json,y_175_tokens_bpe.json
x_176_tokens_bpe.json,y_176_tokens_bpe.json
x_177_tokens_bpe.json,y_177_tokens_bpe.json
x_178_tokens_bpe.json,y_178_tokens_bpe.json
x_179_tokens_bpe.json,y_179_tokens_bpe.json
x_180_tokens_bpe.json,y_180_tokens_bpe.json
x_181_tokens_bpe.json,y_181_tokens_bpe.json
x_182_tokens_bpe.json,y_182_tokens_bpe.json
x_183_tokens_bpe.json,y_183_tokens_bpe.json
x_184_tokens_bpe.json,y_184_tokens_bpe.json
x_185_tokens_bpe.json,y_185_tokens_bpe.json
x_186_tokens_bpe.json,y_186_tokens_bpe.json
x_187_tokens_bpe.json,y_187_tokens_bpe.json
x_188_tokens_bpe.json,y_188_tokens_bpe.json
x_189_tokens_bpe.json,y_189_tokens_bpe.json
x_190_tokens_bpe.json,y_190_tokens_bpe.json
x_191_tokens_bpe.json,y_191_tokens_bpe.json
x_192_tokens_bpe.json,y_192_tokens_bpe.json
x_193_tokens_bpe.json,y_193_tokens_bpe.json
x_194_tokens_bpe.json,y_194_tokens_bpe.json
x_195_tokens_bpe.json,y_195_tokens_bpe.json
x_196_tokens_bpe.json,y_196_tokens_bpe.json
x_197_tokens_bpe.json,y_197_tokens_bpe.json
x_198_tokens_bpe.json,y_198_tokens_bpe.json
x_199_tokens_bpe.json,y_199_tokens_bpe.json
x_200_tokens_bpe.json,y_200_tokens_bpe.json
x_201_tokens_bpe.json,y_201_tokens_bpe.json
x_202_tokens_bpe.json,y_202_tokens_bpe.json
x_203_tokens_bpe.json,y_203_tokens_bpe.json
x_204_tokens_bpe.json,y_204_tokens_bpe.json
x_205_tokens_bpe.json,y_205_tokens_bpe.json
x_206_tokens_bpe.json,y_206_tokens_bpe.json
x_207_tokens_bpe.json,y_207_tokens_bpe.json
x_208_tokens_bpe.json,y_208_tokens_bpe.json
x_209_tokens_bpe.json,y_209_tokens_bpe.json
x_210_tokens_bpe.json,y_210_tokens_bpe.json
x_211_tokens_bpe.json,y_211_tokens_bpe.json
x_212_tokens_bpe.json,y_212_tokens_bpe.json
x_213_tokens_bpe.json,y_213_tokens_bpe.json
x_214_tokens_bpe.json,y_214_tokens_bpe.json
x_215_tokens_bpe.json,y_215_tokens_bpe.json
x_216_tokens_bpe.json,y_216_tokens_bpe.json
x_217_tokens_bpe.json,y_217_tokens_bpe.json
x_218_tokens_bpe.json,y_218_tokens_bpe.json
x_219_tokens_bpe.json,y_219_tokens_bpe.json
x_220_tokens_bpe.json,y_220_tokens_bpe.json
x_221_tokens_bpe.json,y_221_tokens_bpe.json
x_222_tokens_bpe.json,y_222_tokens_bpe.json
x_223_tokens_bpe.json,y_223_tokens_bpe.json
x_224_tokens_bpe.json,y_224_tokens_bpe.json
x_225_tokens_bpe.json,y_225_tokens_bpe.json
x_226_tokens_bpe.json,y_226_tokens_bpe.json
x_227_tokens_bpe.json,y_227_tokens_bpe.json
x_228_tokens_bpe.json,y_228_tokens_bpe.json
x_229_tokens_bpe.json,y_229_tokens_bpe.json
x_230_tokens_bpe.json,y_230_tokens_bpe.json
x_231_tokens_bpe.json,y_231_tokens_bpe.json
x_232_tokens_bpe.json,y_232_tokens_bpe.json
x_233_tokens_bpe.json,y_233_tokens_bpe.json
x_234_tokens_bpe.json,y_234_tokens_bpe.json
x_235_tokens_bpe.json,y_235_tokens_bpe.json
x_236_tokens_bpe.json,y_236_tokens_bpe.json
x_237_tokens_bpe.json,y_237_tokens_bpe.json
x_238_tokens_bpe.json,y_238_tokens_bpe.json
x_239_tokens_bpe.json,y_239_tokens_bpe.json
x_240_tokens_bpe.json,y_240_tokens_bpe.json
x_241_tokens_bpe.json,y_241_tokens_bpe.json
x_242_tokens_bpe.json,y_242_tokens_bpe.json
x_243_tokens_bpe.json,y_243_tokens_bpe.json
x_244_tokens_bpe.json,y_244_tokens_bpe.json
x_245_tokens_bpe.json,y_245_tokens_bpe.json
x_246_tokens_bpe.json,y_246_tokens_bpe.json
x_247_tokens_bpe.json,y_247_tokens_bpe.json
x_248_tokens_bpe.json,y_248_tokens_bpe.json
x_249_tokens_bpe.json,y_249_tokens_bpe.json
x_250_tokens_bpe.json,y_250_tokens_bpe.json
x_251_tokens_bpe.json,y_251_tokens_bpe.json
x_252_tokens_bpe.json,y_252_tokens_bpe.json
x_253_tokens_bpe.json,y_253_tokens_bpe.json
x_254_tokens_bpe.json,y_254_tokens_bpe.json
x_255_tokens_bpe.json,y_255_tokens_bpe.json
x_256_tokens_bpe.json,y_256_tokens_bpe.json
x_257_tokens_bpe.json,y_257_tokens_bpe.json
x_258_tokens_bpe.json,y_258_tokens_bpe.json
x_259_tokens_bpe.json,y_259_tokens_bpe.json
x_260_tokens_bpe.json,y_260_tokens_bpe.json
x_261_tokens_bpe.json,y_261_tokens_bpe.json
x_262_tokens_bpe.json,y_262_tokens_bpe.json
x_263_tokens_bpe.json,y_263_tokens_bpe.json
x_264_tokens_bpe.json,y_264_tokens_bpe.json
x_265_tokens_bpe.json,y_265_tokens_bpe.json
x_266_tokens_bpe.json,y_266_tokens_bpe.json
x_267_tokens_bpe.json,y_267_tokens_bpe.json
x_268_tokens_bpe.json,y_268_tokens_bpe.json
x_269_tokens_bpe.json,y_269_tokens_bpe.json
x_270_tokens_bpe.json,y_270_tokens_bpe.json
x_271_tokens_bpe.json,y_271_tokens_bpe.json
x_272_tokens_bpe.json,y_272_tokens_bpe.json
x_273_tokens_bpe.json,y_273_tokens_bpe.json
x_274_tokens_bpe.json,y_274_tokens_bpe.json
x_275_tokens_bpe.json,y_275_tokens_bpe.json
x_276_tokens_bpe.json,y_276_tokens_bpe.json
x_277_tokens_bpe.json,y_277_tokens_bpe.json
x_278_tokens_bpe.json,y_278_tokens_bpe.json
x_279_tokens_bpe.json,y_279_tokens_bpe.json
x_280_tokens_bpe.json,y_280_tokens_bpe.json
x_281_tokens_bpe.json,y_281_tokens_bpe.json
x_282_tokens_bpe.json,y_282_tokens_bpe.json
x_283_tokens_bpe.json,y_283_tokens_bpe.json
x_284_tokens_bpe.json,y_284_tokens_bpe.json
x_285_tokens_bpe.json,y_285_tokens_bpe.json
x_286_tokens_bpe.json,y_286_tokens_bpe.json
x_287_tokens_bpe.json,y_287_tokens_bpe.json
x_288_tokens_bpe.json,y_288_tokens_bpe.json
x_289_tokens_bpe.json,y_289_tokens_bpe.json
x_290_tokens_bpe.json,y_290_tokens_bpe.json
x_291_tokens_bpe.json,y_291_tokens_bpe.json
x_292_tokens_bpe.json,y_292_tokens_bpe.json
x_293_tokens_bpe.json,y_293_tokens_bpe.json
x_294_tokens_bpe.json,y_294_tokens_bpe.json
x_295_tokens_bpe.json,y_295_tokens_bpe.json
x_296_tokens_bpe.json,y_296_tokens_bpe.json
x_297_tokens_bpe.json,y_297_tokens_bpe.json
x_298_tokens_bpe.json,y_298_tokens_bpe.json
x_299_tokens_bpe.json,y_299_tokens_bpe.json
x_300_tokens_bpe.json,y_300_tokens_bpe.json
x_301_tokens_bpe.json,y_301_tokens_bpe.json
x_302_tokens_bpe.json,y_302_tokens_bpe.json
x_303_tokens_bpe.json,y_303_tokens_bpe.json
x_304_tokens_bpe.json,y_304_tokens_bpe.json
x_305_tokens_bpe.json,y_305_tokens_bpe.json
x_306_tokens_bpe.json,y_306_tokens_bpe.json
x_307_tokens_bpe.json,y_307_tokens_bpe.json
x_308_tokens_bpe.json,y_308_tokens_bpe.json
x_309_tokens_bpe.json,y_309_tokens_bpe.json
x_310_tokens_bpe.json,y_310_tokens_bpe.json
x_311_tokens_bpe.json,y_311_tokens_bpe.json
x_312_tokens_bpe.json,y_312_tokens_bpe.json
x_313_tokens_bpe.json,y_313_tokens_bpe.json
x_314_tokens_bpe.json,y_314_tokens_bpe.json
x_315_tokens_bpe.json,y_315_tokens_bpe.json
x_316_tokens_bpe.json,y_316_tokens_bpe.json
x_317_tokens_bpe.json,y_317_tokens_bpe.json
x_318_tokens_bpe.json,y_318_tokens_bpe.json
x_319_tokens_bpe.json,y_319_tokens_bpe.json
x_320_tokens_bpe.json,y_320_tokens_bpe.json
x_321_tokens_bpe.json,y_321_tokens_bpe.json
x_322_tokens_bpe.json,y_322_tokens_bpe.json
x_323_tokens_bpe.json,y_323_tokens_bpe.json
x_324_tokens_bpe.json,y_324_tokens_bpe.json
x_325_tokens_bpe.json,y_325_tokens_bpe.json
x_326_tokens_bpe.json,y_326_tokens_bpe.json
x_327_tokens_bpe.json,y_327_tokens_bpe.json
x_328_tokens_bpe.json,y_328_tokens_bpe.json
x_329_tokens_bpe.json,y_329_tokens_bpe.json
x_330_tokens_bpe.json,y_330_tokens_bpe.json
x_331_tokens_bpe.json,y_331_tokens_bpe.json
x_332_tokens_bpe.json,y_332_tokens_bpe.json
x_333_tokens_bpe.json,y_333_tokens_bpe.json
x_334_tokens_bpe.json,y_334_tokens_bpe.json
x_335_tokens_bpe.json,y_335_tokens_bpe.json
x_336_tokens_bpe.json,y_336_tokens_bpe.json
x_337_tokens_bpe.json,y_337_tokens_bpe.json
x_338_tokens_bpe.json,y_338_tokens_bpe.json
x_339_tokens_bpe.json,y_339_tokens_bpe.json
x_340_tokens_bpe.json,y_340_tokens_bpe.json
x_341_tokens_bpe.json,y_341_tokens_bpe.json
x_342_tokens_bpe.json,y_342_tokens_bpe.json
x_343_tokens_bpe.json,y_343_tokens_bpe.json
x_344_tokens_bpe.json,y_344_tokens_bpe.json
x_345_tokens_bpe.json,y_345_tokens_bpe.json
x_346_tokens_bpe.json,y_346_tokens_bpe.json
x_347_tokens_bpe.json,y_347_tokens_bpe.json
x_348_tokens_bpe.json,y_348_tokens_bpe.json
x_349_tokens_bpe.json,y_349_tokens_bpe.json
x_350_tokens_bpe.json,y_350_tokens_bpe.json
x_351_tokens_bpe.json,y_351_tokens_bpe.json
x_352_tokens_bpe.json,y_352_tokens_bpe.json
x_353_tokens_bpe.json,y_353_tokens_bpe.json
x_354_tokens_bpe.json,y_354_tokens_bpe.json
x_355_tokens_bpe.json,y_355_tokens_bpe.json
x_356_tokens_bpe.json,y_356_tokens_bpe.json
x_357_tokens_bpe.json,y_357_tokens_bpe.json
x_358_tokens_bpe.json,y_358_tokens_bpe.json
x_359_tokens_bpe.json,y_359_tokens_bpe.json
x_360_tokens_bpe.json,y_360_tokens_bpe.json
x_361_tokens_bpe.json,y_361_tokens_bpe.json
x_362_tokens_bpe.json,y_362_tokens_bpe.json
x_363_tokens_bpe.json,y_363_tokens_bpe.json
x_364_tokens_bpe.json,y_364_tokens_bpe.json
x_365_tokens_bpe.json,y_365_tokens_bpe.json
x_366_tokens_bpe.json,y_366_tokens_bpe.json
x_367_tokens_bpe.json,y_367_tokens_bpe.json
x_368_tokens_bpe.json,y_368_tokens_bpe.json
x_369_tokens_bpe.json,y_369_tokens_bpe.json
x_370_tokens_bpe.json,y_370_tokens_bpe.json
x_371_tokens_bpe.json,y_371_tokens_bpe.json
x_372_tokens_bpe.json,y_372_tokens_bpe.json
x_373_tokens_bpe.json,y_373_tokens_bpe.json
x_374_tokens_bpe.json,y_374_tokens_bpe.json
x_375_tokens_bpe.json,y_375_tokens_bpe.json
x_376_tokens_bpe.json,y_376_tokens_bpe.json
x_377_tokens_bpe.json,y_377_tokens_bpe.json
x_378_tokens_bpe.json,y_378_tokens_bpe.json
x_379_tokens_bpe.json,y_379_tokens_bpe.json
x_380_tokens_bpe.json,y_380_tokens_bpe.json
x_381_tokens_bpe.json,y_381_tokens_bpe.json
x_382_tokens_bpe.json,y_382_tokens_bpe.json
x_383_tokens_bpe.json,y_383_tokens_bpe.json
x_384_tokens_bpe.json,y_384_tokens_bpe.json
x_385_tokens_bpe.json,y_385_tokens_bpe.json
x_386_tokens_bpe.json,y_386_tokens_bpe.json
x_387_tokens_bpe.json,y_387_tokens_bpe.json
x_388_tokens_bpe.json,y_388_tokens_bpe.json
x_389_tokens_bpe.json,y_389_tokens_bpe.json
x_390_tokens_bpe.json,y_390_tokens_bpe.json
x_391_tokens_bpe.json,y_391_tokens_bpe.json
x_392_tokens_bpe.json,y_392_tokens_bpe.json
x_393_tokens_bpe.json,y_393_tokens_bpe.json
x_394_tokens_bpe.json,y_394_tokens_bpe.json
x_395_tokens_bpe.json,y_395_tokens_bpe.json
x_396_tokens_bpe.json,y_396_tokens_bpe.json
x_397_tokens_bpe.json,y_397_tokens_bpe.json
x_398_tokens_bpe.json,y_398_tokens_bpe.json
x_399_tokens_bpe.json,y_399_tokens_bpe.json
x_400_tokens_bpe.json,y_400_tokens_bpe.json
x_401_tokens_bpe.json,y_401_tokens_bpe.json
x_402_tokens_bpe.json,y_402_tokens_bpe.json
x_403_tokens_bpe.json,y_403_tokens_bpe.json
x_404_tokens_bpe.json,y_404_tokens_bpe.json
x_405_tokens_bpe.json,y_405_tokens_bpe.json
x_406_tokens_bpe.json,y_406_tokens_bpe.json
x_407_tokens_bpe.json,y_407_tokens_bpe.json
x_408_tokens_bpe.json,y_408_tokens_bpe.json
x_409_tokens_bpe.json,y_409_tokens_bpe.json
x_410_tokens_bpe.json,y_410_tokens_bpe.json
x_411_tokens_bpe.json,y_411_tokens_bpe.json
x_412_tokens_bpe.json,y_412_tokens_bpe.json
x_413_tokens_bpe.json,y_413_tokens_bpe.json
x_414_tokens_bpe.json,y_414_tokens_bpe.json
x_415_tokens_bpe.json,y_415_tokens_bpe.json
x_416_tokens_bpe.json,y_416_tokens_bpe.json
x_417_tokens_bpe.json,y_417_tokens_bpe.json
x_418_tokens_bpe.json,y_418_tokens_bpe.json
x_419_tokens_bpe.json,y_419_tokens_bpe.json
x_420_tokens_bpe.json,y_420_tokens_bpe.json
x_421_tokens_bpe.json,y_421_tokens_bpe.json
x_422_tokens_bpe.json,y_422_tokens_bpe.json
x_423_tokens_bpe.json,y_423_tokens_bpe.json
x_424_tokens_bpe.json,y_424_tokens_bpe.json
x_425_tokens_bpe.json,y_425_tokens_bpe.json
x_426_tokens_bpe.json,y_426_tokens_bpe.json
x_427_tokens_bpe.json,y_427_tokens_bpe.json
x_428_tokens_bpe.json,y_428_tokens_bpe.json
x_429_tokens_bpe.json,y_429_tokens_bpe.json
x_430_tokens_bpe.json,y_430_tokens_bpe.json
x_431_tokens_bpe.json,y_431_tokens_bpe.json
x_432_tokens_bpe.json,y_432_tokens_bpe.json
x_433_tokens_bpe.json,y_433_tokens_bpe.json
x_434_tokens_bpe.json,y_434_tokens_bpe.json
x_435_tokens_bpe.json,y_435_tokens_bpe.json
x_436_tokens_bpe.json,y_436_tokens_bpe.json
x_437_tokens_bpe.json,y_437_tokens_bpe.json
x_438_tokens_bpe.json,y_438_tokens_bpe.json
x_439_tokens_bpe.json,y_439_tokens_bpe.json
x_440_tokens_bpe.json,y_440_tokens_bpe.json
x_441_tokens_bpe.json,y_441_tokens_bpe.json
x_442_tokens_bpe.json,y_442_tokens_bpe.json
x_443_tokens_bpe.json,y_443_tokens_bpe.json
x_444_tokens_bpe.json,y_444_tokens_bpe.json
x_445_tokens_bpe.json,y_445_tokens_bpe.json
x_446_tokens_bpe.json,y_446_tokens_bpe.json
x_447_tokens_bpe.json,y_447_tokens_bpe.json
x_448_tokens_bpe.json,y_448_tokens_bpe.json
x_449_tokens_bpe.json,y_449_tokens_bpe.json
x_450_tokens_bpe.json,y_450_tokens_bpe.json
x_451_tokens_bpe.json,y_451_tokens_bpe.json
x_452_tokens_bpe.json,y_452_tokens_bpe.json
x_453_tokens_bpe.json,y_453_tokens_bpe.json
x_454_tokens_bpe.json,y_454_tokens_bpe.json
x_455_tokens_bpe.json,y_455_tokens_bpe.json
x_456_tokens_bpe.json,y_456_tokens_bpe.json
x_457_tokens_bpe.json,y_457_tokens_bpe.json
x_458_tokens_bpe.json,y_458_tokens_bpe.json
x_459_tokens_bpe.json,y_459_tokens_bpe.json
x_460_tokens_bpe.json,y_460_tokens_bpe.json
x_461_tokens_bpe.json,y_461_tokens_bpe.json
x_462_tokens_bpe.json,y_462_tokens_bpe.json
x_463_tokens_bpe.json,y_463_tokens_bpe.json
x_464_tokens_bpe.json,y_464_tokens_bpe.json
x_465_tokens_bpe.json,y_465_tokens_bpe.json
x_466_tokens_bpe.json,y_466_tokens_bpe.json
x_467_tokens_bpe.json,y_467_tokens_bpe.json
x_468_tokens_bpe.json,y_468_tokens_bpe.json
x_469_tokens_bpe.json,y_469_tokens_bpe.json
x_470_tokens_bpe.json,y_470_tokens_bpe.json
x_471_tokens_bpe.json,y_471_tokens_bpe.json
x_472_tokens_bpe.json,y_472_tokens_bpe.json
x_473_tokens_bpe.json,y_473_tokens_bpe.json
x_474_tokens_bpe.json,y_474_tokens_bpe.json
x_475_tokens_bpe.json,y_475_tokens_bpe.json
x_476_tokens_bpe.json,y_476_tokens_bpe.json
x_477_tokens_bpe.json,y_477_tokens_bpe.json
x_478_tokens_bpe.json,y_478_tokens_bpe.json
x_479_tokens_bpe.json,y_479_tokens_bpe.json
x_480_tokens_bpe.json,y_480_tokens_bpe.json
x_481_tokens_bpe.json,y_481_tokens_bpe.json
x_482_tokens_bpe.json,y_482_tokens_bpe.json
x_483_tokens_bpe.json,y_483_tokens_bpe.json
x_484_tokens_bpe.json,y_484_tokens_bpe.json
x_485_tokens_bpe.json,y_485_tokens_bpe.json
x_486_tokens_bpe.json,y_486_tokens_bpe.json
x_487_tokens_bpe.json,y_487_tokens_bpe.json
x_488_tokens_bpe.json,y_488_tokens_bpe.json
x_489_tokens_bpe.json,y_489_tokens_bpe.json
x_490_tokens_bpe.json,y_490_tokens_bpe.json
x_491_tokens_bpe.json,y_491_tokens_bpe.json
x_492_tokens_bpe.json,y_492_tokens_bpe.json
x_493_tokens_bpe.json,y_493_tokens_bpe.json
x_494_tokens_bpe.json,y_494_tokens_bpe.json
x_495_tokens_bpe.json,y_495_tokens_bpe.json
x_496_tokens_bpe.json,y_496_tokens_bpe.json
x_497_tokens_bpe.json,y_497_tokens_bpe.json
x_498_tokens_bpe.json,y_498_tokens_bpe.json
x_499_tokens_bpe.json,y_499_tokens_bpe.json
x_500_tokens_bpe.json,y_500_tokens_bpe.json
x_501_tokens_bpe.json,y_501_tokens_bpe.json
x_502_tokens_bpe.json,y_502_tokens_bpe.json
x_503_tokens_bpe.json,y_503_tokens_bpe.json
x_504_tokens_bpe.json,y_504_tokens_bpe.json
x_505_tokens_bpe.json,y_505_tokens_bpe.json